Affinity,Affinity
Alllnlly,Affinity
Aifinily,Affinity
Alfinily,Affinity
Alllnlty,Affinity
Afﬁnily,Affinity
Aﬂlnily,Affinity
Aiﬁnily,Affinity
Alﬁnily,Affinity
Aﬂlnlty,Affinity
Aﬁinily,Affinity
Aﬂinily,Affinity
Aailatoc,Agitator
Agltator,Agitator
Agllalor,Agitator
Agitalol,Agitator
Aehator,Agitator
Agltalar,Agitator
Aaitalot,Agitator
Agitator,Agitator
Agltalor,Agitator
Agitalov,Agitator
Aanam:,Agitator
Aaitamr,Agitator
Aqitatu,Agitator
Alignment,Alignment
Ammo,Ammo
Ani|I9'Y,Artillery
Amllery,Artillery
AniIIB<Y,Artillery
Artillery,Artillery
ArI2||9fY,Artillery
Ani||9'Y,Artillery
Anack,Attack
Atmck,Attack
Aﬁack,Attack
Mack,Attack
Aﬂack,Attack
Allapk,Attack
Aneck,Attack
Attank,Attack
Aﬂeck,Attack
Amnck,Attack
Amok,Attack
Altack,Attack
Attack,Attack
Mlack,Attack
Allsck,Attack
Alleck,Attack
Allack,Attack
Aitack,Attack
mack,Attack
Mlsck,Attack
Ballistics,Ballistics
Ballislics,Ballistics
Eallisiics,Ballistics
Ballisiics,Ballistics
Ellast,Blast
B1351,Blast
Elast,Blast
BIS1,Blast
Blesi,Blast
B4351,Blast
Blasi,Blast
Blasl,Blast
BISS1,Blast
Blast,Blast
B1551,Blast
Blssl,Blast
Blesl,Blast
B131,Blast
Elasi,Blast
Blﬁt,Blast
Blessing,Blessing
Elesslng,Blessing
Blesslng,Blessing
angm,Blight
Ellght,Blight
Ellghl,Blight
Bligh!,Blight
Bllght,Blight
Bllghl,Blight
Ellighl,Blight
Elighl,Blight
Elight,Blight
Biighl,Blight
Blight,Blight
augm,Blight
Eludgeoner,Bludgeoner
Bludgenner,Bludgeoner
Bludgeuner,Bludgeoner
Elludgeoner,Bludgeoner
Eludgecmer,Bludgeoner
Eludgenner,Bludgeoner
Eludgsonar,Bludgeoner
Bludgsoner,Bludgeoner
Elludgeaner,Bludgeoner
Elludgeuner,Bludgeoner
Bludgeonar,Bludgeoner
Eludgecner,Bludgeoner
Bludgeoner,Bludgeoner
Eludgeaner,Bludgeoner
Bombavdlsv,Bombardier
Eombavdiev,Bombardier
Eombaidiel,Bombardier
Bombavdler,Bombardier
Bombardier,Bombardier
Bombavdlef,Bombardier
Bombatdler,Bombardier
Eombardiel,Bombardier
Eombaldia,Bombardier
Eombaidia,Bombardier
Eombaldlel,Bombardier
Bombavdlsf,Bombardier
Bombaldiel,Bombardier
Eombaldiﬂ,Bombardier
Eombaldief,Bombardier
Bombardler,Bombardier
Eombaldiel,Bombardier
Bombavdier,Bombardier
Bombaldial,Bombardier
Elombaldiel,Bombardier
Boost,Boost
50051,Boost
B0051,Boost
Boast,Boost
Boom,Boost
Boos!,Boost
E0051,Boost
30051,Boost
Bolanlst,Botanist
Eotanisi,Botanist
Elotamst,Botanist
Eotamsl,Botanist
Bolan|s1,Botanist
Botanist,Botanist
Bolanlsl,Botanist
Bdlanisi,Botanist
Eotanist,Botanist
Bolanist,Botanist
Bow,Bow
Elubbiy,Bubbly
Bubbry,Bubbly
Bubbiy,Bubbly
Eubbly,Bubbly
Eubbry,Bubbly
aubmy,Bubbly
Eubbty,Bubbly
Bubbty,Bubbly
Eubbiy,Bubbly
Bubbly,Bubbly
Capture,Capture
Garvlng,Carving
Carving,Carving
Cawing,Carving
Carvlng,Carving
Cervlng,Carving
Chameleos,Chameleos
Charge,Charge
Cloak,Cloak
Consﬁlution,Constitution
Consmutian,Constitution
Consutution,Constitution
Consﬂulion,Constitution
Constilution,Constitution
Conslilulion,Constitution
Consﬂmtlan,Constitution
Constllullon,Constitution
Consmution,Constitution
Constitution,Constitution
Cclnstilulion,Constitution
Conslilution,Constitution
Consﬁtution,Constitution
Caumarslrike,CounterStrike
Countersmke,Counterstrike
Onuntsrstrlke,Counterstrike
Coumsrstvika,Counterstrike
Gountsrstrlks,Counterstrike
Goumsrstrlke,Counterstrike
Cnunlsrstrlks,Counterstrike
Coumermrlks,Counterstrike
Cuunterslrike,Counterstrike
Caumarslrika,Counterstrike
Countsrstrlks,Counterstrike
Goumsrstrlka,Counterstrike
Countsrstrlke,Counterstrike
Coumsrstrlke,Counterstrike
Coumersmks,Counterstrike
Ooumersmke,Counterstrike
Cnumsrsﬂike,Counterstrike
Gountsrstrlke,Counterstrike
Cclumarslrike,Counterstrike
Coumsrsﬂike,Counterstrike
Counterstrike,Counterstrike
Goumsrstvlke,Counterstrike
Coumsrstvlka,Counterstrike
Critical,Critical
Gmlcal,Critical
Critlcsl,Critical
Crltlcsl,Critical
Critlcal,Critical
Clilical,Critical
Crlllcal,Critical
cmlcal,Critical
Critloal,Critical
Cmlcal,Critical
Oritlcsl,Critical
Gritlcal,Critical
Grillcal,Critical
Grltlcal,Critical
Gmlcel,Critical
Danae,Dance
Dance,Dance
Defense,Defense
Dafense,Defense
Dsfense,Defense
Diversvon,Diversion
Diversmn,Diversion
Diverslon,Diversion
Dlvenslon,Diversion
Diversinn,Diversion
Diversion,Diversion
Dlverslon,Diversion
Diverslun,Diversion
Dlversion,Diversion
Divershwn,Diversion
Divlne,Divine
Divlns,Divine
Dlvins,Divine
Dlvlne,Divine
Dlvine,Divine
Dlvlns,Divine
Dlvlna,Divine
Divine,Divine
Divina,Divine
Diwne,Divine
Down,Down
Dawn,Down
Dragon,Dragon
Dragnn,Dragon
nragun,Dragon
Dmgnn,Dragon
Dvaw,Draw
Draw,Draw
E3‘7"‘-‘Gs,Earplugs
EafD||JQ5,Earplugs
EafD||J95,Earplugs
Eamuﬂs,Earplugs
EarD|u95,Earplugs
EsrD|U95,Earplugs
Earnings,Earplugs
Earplugs,Earplugs
EBTDILIQS,Earplugs
EBTDIUQS,Earplugs
esrwugs,Earplugs
EETDIUQS,Earplugs
Earnlugs,Earplugs
53'3"‘-‘Gs,Earplugs
"E3‘7""‘-‘Gs",Earplugs
Eating,Eating
Eatlng,Eating
Eellng,Eating
Eetlng,Eating
Esilng,Eating
Eallng,Eating
Element,Element
Elemem,Element
Elemervl,Element
Evade,Evade
FJ(p|nit,Exploit
Expioit,Exploit
Explolt,Exploit
Exploit,Exploit
Exploll,Exploit
B<plo|t,Exploit
Explalt,Exploit
Explnit,Exploit
aploit,Exploit
aplnit,Exploit
Extender,Extender
Extends!,Extender
Eya,Eye
Eye,Eye
Faith,Faith
Falm,Faith
Fslm,Faith
Failh,Faith
Faim,Faith
Fallh,Faith
Flre,Fire
Fire,Fire
Five,Fire
Flve,Fire
Flmch,Flinch
Fllnch,Flinch
F|\nch,Flinch
Flinnh,Flinch
Flmnh,Flinch
F||nch,Flinch
Flinch,Flinch
Foﬁ“Y,Focus
FoI’|W,Focus
Focus,Focus
Fom"Y,Focus
FoI’W,Focus
Fortify,Fortify
Form)’,Fortify
FDMY,Fortify
For‘"Y,Fortify
FoI1?'Y,Fortify
Fcrﬁ'Y,Fortify
FORWY,Fortify
may,Fortify
FortWY,Fortify
FaI1W,Fortify
Farﬁ*Y,Fortify
FartﬂY,Fortify
Forﬁy,Fortify
FMW,Fortify
FOVW,Fortify
Fartih’,Fortify
For1i‘Y,Fortify
ForﬂY,Fortify
Fortifv,Fortify
Form,Fortify
Farm)’,Fortify
Fnmfy,Fortify
Fortiﬂ,Fortify
Forﬁﬁ’,Fortify
Fomiy,Fortify
ForlW,Fortify
Forﬁfy,Fortify
FGFW,Fortify
Forﬂfy,Fortify
Fomfy,Fortify
Frse,Free
Frae,Free
Fras,Free
Free,Free
FMS,Free
Geologlsl,Geologist
Geologlst,Geologist
Geologis1,Geologist
Gsolugis1,Geologist
Geo|og|s1,Geologist
Geologlm,Geologist
Geo|ng|s1,Geologist
Geo|ogis1,Geologist
Geologist,Geologist
Good,Good
Guam,Guard
Guard,Guard
Handicraft,Handicraft
Hellﬁre,Hellfire
Hellllre,Hellfire
Halllila,Hellfire
Helﬂire,Hellfire
Hslﬂlre,Hellfire
Hslﬂire,Hellfire
Hsllﬂra,Hellfire
Helllire,Hellfire
Hsltlire,Hellfire
Hellfire,Hellfire
Hsmics,Heroics
Hsmlcs,Heroics
Heroics,Heroics
Hsrolcs,Heroics
Herolcs,Heroics
Hsroics,Heroics
Hum,Horn
Horn,Horn
Ham,Horn
Hunger,Hunger
Hungsr,Hunger
Ice,Ice
lea,Ice
Item,Item
Jump,Jump
Kushala,Kushala
Latent,Latent
L930,Leap
Leap,Leap
been,Leap
Load,Load
Lud(,Luck
Lud<,Luck
I.uc|(,Luck
I.u1:|(,Luck
Luck,Luck
Msestvo,Maestro
Maes1ro,Maestro
Maestro,Maestro
M3851?!),Maestro
Maas1ro,Maestro
Maestvo,Maestro
Maes1r0,Maestro
Maasvo,Maestro
Marathon,Marathon
Maslet,Master
Masts:,Master
M35191’,Master
Master,Master
Masts!,Master
Mas1ar,Master
Mamet,Master
Masmr,Master
Masler,Master
Mas1er,Master
Master’:,Master's
Master's,Master's
Mas1ar's,Master's
Maxlmum,Maximum
Maxxmurn,Maximum
Maximum,Maximum
Meal,Meal
Might,Might
Mlght,Might
Mlgm,Might
Mind,Mind
M|nd's,Mind's
M|nd‘s,Mind's
MInd‘s,Mind's
Mind's,Mind's
Morvh,Morph
Momh,Morph
Morph,Morph
Mounher,Mounter
Mounler,Mounter
Mounts:,Mounter
Mounter,Mounter
Mounts!,Mounter
Mountar,Mounter
Mountev,Mounter
Muck,Muck
Mushroomancer,Mushroomancer
Normal,Normal
Normal/Rapld,Normal/Rapid
Normavﬁapid,Normal/Rapid
Normal/FlEPid,Normal/Rapid
NormaVFtapid,Normal/Rapid
Normevﬁapld,Normal/Rapid
Ncwmal/Rﬂﬂid,Normal/Rapid
Normavﬁapld,Normal/Rapid
Normal/Rapid,Normal/Rapid
Novmavﬂapid,Normal/Rapid
Normal/Ragid,Normal/Rapid
NarmaVFlapid,Normal/Rapid
Narmavﬂapid,Normal/Rapid
Normal/Flapid,Normal/Rapid
Normal/Hapid,Normal/Rapid
NormaVRapid,Normal/Rapid
NormaVFlapid,Normal/Rapid
Offensive,Offensive
Pamysis,Paralysis
Pararysis,Paralysis
Paxalysis,Paralysis
Paralysls,Paralysis
Paraiysis,Paralysis
Pamiysls,Paralysis
Pamrysls,Paralysis
Paralysis,Paralysis
Pamvysis,Paralysis
Paraiysls,Paralysis
Pamlysis,Paralysis
Pemlysls,Paralysis
Fanbleaker,Partbreaker
Parlbreaker,Partbreaker
Panbreeksr,Partbreaker
Fanbieaker,Partbreaker
Panbreeker,Partbreaker
Paﬂbreaker,Partbreaker
Padbreaker,Partbreaker
Panbreaksr,Partbreaker
Paﬂbleaker,Partbreaker
Partbreaker,Partbreaker
Parlbreeker,Partbreaker
Panbreakar,Partbreaker
Padbleaker,Partbreaker
Paﬂbreaksr,Partbreaker
Parlbreakar,Partbreaker
Pallblaaker,Partbreaker
Partbreeksr,Partbreaker
Paﬂbreeksr,Partbreaker
Panbreaker,Partbreaker
Patlbresksr,Partbreaker
Perlbreeker,Partbreaker
Panbleaker,Partbreaker
Partbreaksr,Partbreaker
Partbveaker,Partbreaker
Parlbreeksr,Partbreaker
Panhlaaker,Partbreaker
Faak,Peak
Peak,Peak
Performance,Performance
Perlorvnance,Performance
Perlnnnance,Performance
Perlormance,Performance
Ferlorrnance,Performance
Ferlormance,Performance
Parlormance,Performance
Pierce,Pierce
Plus,Plus
Poxson,Poison
Polsnn,Poison
Fdson,Poison
Pnison,Poison
Polsan,Poison
Po|son,Poison
Poison,Poison
Polson,Poison
Pulsar:,Poison
Polish,Polish
Pollsh,Polish
Power,Power
Powev,Power
Pnwer,Power
Powec,Power
Fnwar,Power
Powel,Power
Powei,Power
P10,Pro
Pm,Pro
Pro,Pro
Pmlongar,Prolonger
Frolonger,Prolonger
Pmmngsr,Prolonger
Pmlangsr,Prolonger
Pmlonger,Prolonger
Pmiongar,Prolonger
Prolanger,Prolonger
Prolonger,Prolonger
Prolnnger,Prolonger
Proxonger,Prolonger
Prolnngsr,Prolonger
Proinnger,Prolonger
Framnger,Prolonger
Froiunger,Prolonger
Prolongsr,Prolonger
Praxonger,Prolonger
Pvolonger,Prolonger
Fmhsctivs,Protective
Protemive,Protective
Protaciive,Protective
Protecilve,Protective
Frohsdlive,Protective
Prutective,Protective
Protecilvs,Protective
Protective,Protective
Punishing,Punishing
Punlshing,Punishing
Punlshlng,Punishing
Punishlng,Punishing
Qulck,Quick
Quick,Quick
Oulck,Quick
Rapid,Rapid
Hapid,Rapid
Raoid,Rapid
Placid,Rapid
Rania,Rapid
Rapld,Rapid
Flapld,Rapid
Flapid,Rapid
Rspid,Rapid
Hanid,Rapid
Razor,Razor
Flazor,Razor
Flaznr,Razor
Haznr,Razor
Flecoil,Recoil
Recoil,Recoil
Reooll,Recoil
Fleooil,Recoil
Recall,Recoil
Raoul!,Recoil
Reonvsry,Recovery
Reoovefy,Recovery
RSODVSW,Recovery
ReooV9"Y,Recovery
ReooVBfY,Recovery
RGODVBW,Recovery
FleDDV9'Y,Recovery
Fleoovery,Recovery
Reeov9|'Y,Recovery
Recovery,Recovery
Raoovswy,Recovery
naoovery,Recovery
Flecovefy,Recovery
RecaV9"Y,Recovery
newvery,Recovery
Rsooverv,Recovery
RGGDVSW,Recovery
Rewvary,Recovery
FlaoaV9|’Y,Recovery
Fleaovery,Recovery
"RaoaVS""Y",Recovery
Reoavery,Recovery
Flecovevy,Recovery
FlecoV9'Y,Recovery
Rez>ov9fY,Recovery
ReoaV$'Y,Recovery
RGDOVSTY,Recovery
RGGDVBVY,Recovery
RGOOVSTY,Recovery
RaoaVS"Y,Recovery
RaI>0V5"Y,Recovery
Reoov9fY,Recovery
Flecovery,Recovery
Fleoovety,Recovery
neoovew,Recovery
HEOOVEW,Recovery
ReoaV9fY,Recovery
Fleloa/.1,Reload
Raioad,Reload
Fleload,Reload
Rsioad,Reload
Reload,Reload
Resentment,Resentment
Flesentmem,Resentment
Resisﬂnce,Resistance
Hesislance,Resistance
Resistanue,Resistance
Reslatanee,Resistance
Resismnce,Resistance
Reslstanoe,Resistance
Resismnoe,Resistance
Resis1ance,Resistance
Reswlance,Resistance
assistance,Resistance
Flssisiance,Resistance
Resislanoe,Resistance
Rsslstance,Resistance
FI3sis1ance,Resistance
Resistanbe,Resistance
Reslslancs,Resistance
Resistanoe,Resistance
Hesistanoe,Resistance
Reslsmnce,Resistance
Rerslsmncs,Resistance
Reslslance,Resistance
Raslstance,Resistance
Flesisiance,Resistance
Rasistanoe,Resistance
Raslstanoe,Resistance
Hosistanca,Resistance
Reslsmncs,Resistance
Rssistanoe,Resistance
Resistance,Resistance
Fiesismnce,Resistance
Reslstance,Resistance
Resis1an::e,Resistance
Rsslstancs,Resistance
Resismncs,Resistance
Flesisianoa,Resistance
Fleslstence,Resistance
Res|slance,Resistance
Reslsiance,Resistance
Reslstancs,Resistance
Resisiance,Resistance
Resislance,Resistance
Hesislancs,Resistance
Reslshance,Resistance
Reslsmnoe,Resistance
Resuscitale,Resuscitate
Resuscltdle,Resuscitate
Flesuscilale,Resuscitate
Hesuscilme,Resuscitate
Flesuscilaie,Resuscitate
Resuscitate,Resuscitate
Rasuscltete,Resuscitate
Flesuscilate,Resuscitate
Rasuscllale,Resuscitate
Resuscil:-its,Resuscitate
Resuscitata,Resuscitate
Resuscilale,Resuscitate
Resuscilate,Resuscitate
Rasuscltale,Resuscitate
Rasuscilate,Resuscitate
Resuscnate,Resuscitate
Resuscilals,Resuscitate
Resuscltale,Resuscitate
Flesuscltale,Resuscitate
Rasuscitals,Resuscitate
Runner,Runner
Sharp,Sharp
SHIP,Sharp
Shavp,Sharp
Sharpening,Sharpening
Shalpening,Sharpening
Sharpenlng,Sharpening
sharpening,Sharpening
Sharpsning,Sharpening
Shsaih,Sheath
Shealh,Sheath
Sheaih,Sheath
Shesth,Sheath
Sheath,Sheath
Shells,Shells
Shut,Shot
Shel,Shot
sum,Shot
Shot,Shot
snm,Shot
Shox,Shot
Sleep,Sleep
slaep,Sleep
Shdmg,Sliding
Sliding,Sliding
Slldlng,Sliding
S|IJQ§9',Slugger
SN9997,Slugger
SIUQQEV,Slugger
sIug9°',Slugger
$|u999",Slugger
SIUQQW,Slugger
SIUQQE’,Slugger
S|U999',Slugger
SIUQQH,Slugger
SIIJQQGT,Slugger
$|U999',Slugger
SIIJQQGV,Slugger
slugs!",Slugger
Slug?”,Slugger
s|ug99",Slugger
SIIJQQE‘,Slugger
Sluggel,Slugger
S|u999',Slugger
SIIJQQM,Slugger
S|I.|999',Slugger
SIIJQQW,Slugger
SIIJQQSV,Slugger
S|u996',Slugger
SM9997,Slugger
sIu9Q9',Slugger
sIu999',Slugger
SW99“,Slugger
Slugs“,Slugger
Slug?/6',Slugger
SIIJQQH,Slugger
"$|u999""",Slugger
Slugger,Slugger
S|IJQ§3',Slugger
slugsef,Slugger
SIIJQQE’,Slugger
s|ug99',Slugger
SIUQQGT,Slugger
slugs“,Slugger
s|u999',Slugger
SW99",Slugger
SW99”,Slugger
SD8re,Spare
Sliare,Spare
Spills,Spare
Spare,Spare
SDara,Spare
Spats,Spare
Speclsl,Special
Special,Special
Speclal,Special
spead,Speed
Spasd,Speed
Spsed,Speed
Speed,Speed
Spesd,Speed
S9994,Speed
Snead,Speed
speed,Speed
51399“,Speed
spesa,Speed
spesd,Speed
spew,Speed
59696,Speed
Spread,Spread
sowed,Spread
Spvesd,Spread
spveed,Spread
Spvead,Spread
Stamina,Stamina
Stamlna,Stamina
S1am|na,Stamina
Slamina,Stamina
Slamlna,Stamina
Slsadlness,Steadiness
Steadlnsss,Steadiness
Sleadinex,Steadiness
Sleadiness,Steadiness
Sieadiness,Steadiness
Sleadines,Steadiness
Steadlnew,Steadiness
Steadineﬁ,Steadiness
Slsadlnss,Steadiness
S1eadine$,Steadiness
Sleadinsss,Steadiness
Slsadlnsss,Steadiness
Slsadlnes,Steadiness
Steadiness,Steadiness
Slsadiness,Steadiness
Sieadinex,Steadiness
Sleadlness,Steadiness
Steadinsss,Steadiness
Sleadinsﬁ,Steadiness
Steadlness,Steadiness
S1un,Stun
Siun,Stun
Slun,Stun
Stun,Stun
Surge,Surge
Teostra,Teostra
Thiel,Thief
This!,Thief
Thled,Thief
Thief,Thief
Thlerl,Thief
Thie4,Thief
Thlef,Thief
Thieﬂ,Thief
Thlei,Thief
Thleri,Thief
Thunde!,Thunder
Thunder,Thunder
Thundev,Thunder
Thundef,Thunder
Thundel,Thunder
Thunds(,Thunder
Thundei,Thunder
Thund9(,Thunder
Thundsf,Thunder
Thundsl,Thunder
Touch,Touch
TrBmo(,Tremor
Tremov,Tremor
Tremor,Tremor
Tremol,Tremor
Trsmm,Tremor
Up,Up
Un,Up
U9,Up
up,Up
UP,Up
UD,Up
U0,Up
Wall,Wall
Well,Wall
Water,Water
Wale!,Water
W318!’,Water
Wmer,Water
Weakness,Weakness
Waaknass,Weakness
Whlspeter,Whisperer
Whlsperev,Whisperer
wnispem,Whisperer
Whlsperer,Whisperer
Whlspeiar,Whisperer
Whlspeier,Whisperer
Whisperer,Whisperer
Whispeier,Whisperer
Wide,Wide
Wxde-Range,Wide-Range
Wide-Hangs,Wide-Range
Wlde-Raf|99,Wide-Range
Wlde—Range,Wide-Range
Wide-Flange,Wide-Range
Wide-Range,Wide-Range
Wlda-Range,Wide-Range
Wlde-Range,Wide-Range
Wind,Wind
Window,Window
Wlndow,Window
Windproof,Windproof
Wlndproof,Windproof
Wirabug,Wirebug
Wlrabug,Wirebug
Wlrebug,Wirebug
Wlrsbug,Wirebug
Wirebug,Wirebug
Eombavdlﬂ,bombardier
Coumsrstvika,cOUNTERSTRIKE
Goumsrstrlka,counterstrike
EBTDIUQS,earplugs
EafD||JQ5,earplugs
EafD|UQ5,earplugs
EETDIUQS,earplugs
FOMY,fortify
Hum,horn
as,of
cl,of
oi,of
0!,of
0|,of
at,of
of,of
01,of
ov,of
ol,of
OI,of
Pmxangsr,prolonger
slugs“,slugger
sIug99',slugger
slugs",slugger
SDSIS,spare
Free:,Free
Free.,Free
