"$|u999""",Slugger
"E3‘7""‘-‘Gs",Earplugs
"RaoaVS""Y",Recovery
$|U999',Slugger
$|u999",Slugger
(Boost),(Boost)
(S),(S)
0!,of
01,of
0|,of
30051,Boost
50051,Boost
51399“,Speed
53'3"‘-‘Gs,Earplugs
59696,Speed
Aailatoc,Agitator
Aaitalot,Agitator
Aaitamr,Agitator
Aanam:,Agitator
Aehator,Agitator
Affinity,Affinity
Affnity,Affinity
Aftack,Attack
Afﬁnily,Affinity
Agitalol,Agitator
Agitalov,Agitator
Agitator,Agitator
Agllalor,Agitator
Agltalar,Agitator
Agltalor,Agitator
Agltator,Agitator
Aifinily,Affinity
Aitack,Attack
Aiﬁnily,Affinity
Alfinily,Affinity
Alignment,Alignment
Allack,Attack
Allapk,Attack
Alleck,Attack
Alllnlly,Affinity
Alllnlty,Affinity
Allsck,Attack
Altack,Attack
Alﬁnily,Affinity
Amllery,Artillery
Ammo,Ammo
Amnck,Attack
Amok,Attack
Anack,Attack
Aneck,Attack
AniIIB<Y,Artillery
Ani|I9'Y,Artillery
Ani||9'Y,Artillery
Aqitatu,Agitator
ArI2||9fY,Artillery
Artilery,Artillery
Artillery,Artillery
Atmck,Attack
Attack,Attack
Attank,Attack
Aﬁack,Attack
Aﬁinily,Affinity
Aﬂack,Attack
Aﬂeck,Attack
Aﬂinily,Affinity
Aﬂlnily,Affinity
Aﬂlnlty,Affinity
B0051,Boost
B131,Blast
B1351,Blast
B1551,Blast
B4351,Blast
B<plo|t,Exploit
BIS1,Blast
BISS1,Blast
Ballisiics,Ballistics
Ballislics,Ballistics
Ballistics,Ballistics
Ballstics,Ballistics
Bdlanisi,Botanist
Biighl,Blight
Bladescale,Bladescale
Blasi,Blast
Blasl,Blast
Blast,Blast
Blesi,Blast
Blesl,Blast
Blessing,Blessing
Blesslng,Blessing
Bligh!,Blight
Blight,Blight
Bllghl,Blight
Bllght,Blight
Blood,Blood
Bloodlust,Bloodlust
Blssl,Blast
Bludgenner,Bludgeoner
Bludgeonar,Bludgeoner
Bludgeoner,Bludgeoner
Bludgeuner,Bludgeoner
Bludgsoner,Bludgeoner
Blﬁt,Blast
Boast,Boost
Bolanist,Botanist
Bolanlsl,Botanist
Bolanlst,Botanist
Bolan|s1,Botanist
Bombaldial,Bombardier
Bombaldiel,Bombardier
Bombardier,Bombardier
Bombardler,Bombardier
Bombatdler,Bombardier
Bombavdier,Bombardier
Bombavdlef,Bombardier
Bombavdler,Bombardier
Bombavdlsf,Bombardier
Bombavdlsv,Bombardier
Boom,Boost
Boos!,Boost
Boost,Boost
Botanist,Botanist
Bow,Bow
Breath,Breath
Bubbiy,Bubbly
Bubbly,Bubbly
Bubbry,Bubbly
Bubbty,Bubbly
Call,Call
Capture,Capture
Carving,Carving
Carvlng,Carving
Caumarslrika,Counterstrike
Caumarslrike,CounterStrike
Cawing,Carving
Cclnstilulion,Constitution
Cclumarslrike,Counterstrike
Cervlng,Carving
Chain,Chain
Chameleos,Chameleos
Charge,Charge
Clilical,Critical
Cloak,Cloak
Cmlcal,Critical
Cnumsrsﬂike,Counterstrike
Cnunlsrstrlks,Counterstrike
Coalescence,Coalescence
Conslilulion,Constitution
Conslilution,Constitution
Consmutian,Constitution
Consmution,Constitution
Constilution,Constitution
Constitution,Constitution
Constllullon,Constitution
Consttution,Constitution
Consutution,Constitution
Consﬁlution,Constitution
Consﬁtution,Constitution
Consﬂmtlan,Constitution
Consﬂulion,Constitution
Coumermrlks,Counterstrike
Coumersmks,Counterstrike
Coumsrstrlke,Counterstrike
Coumsrstvika,Counterstrike
Coumsrstvika,cOUNTERSTRIKE
Coumsrstvlka,Counterstrike
Coumsrsﬂike,Counterstrike
Countersmke,Counterstrike
Counterstrike,Counterstrike
Countsrstrlke,Counterstrike
Countsrstrlks,Counterstrike
Crit,Crit
Critical,Critical
Critlcal,Critical
Critlcsl,Critical
Critloal,Critical
Crlllcal,Critical
Crltlcsl,Critical
Cuunterslrike,Counterstrike
Dafense,Defense
Danae,Dance
Dance,Dance
Dawn,Down
Defense,Defense
Dereliction,Dereliction
Divershwn,Diversion
Diversinn,Diversion
Diversion,Diversion
Diverslon,Diversion
Diverslun,Diversion
Diversmn,Diversion
Diversvon,Diversion
Divina,Divine
Divine,Divine
Divlne,Divine
Divlns,Divine
Diwne,Divine
Dlvenslon,Diversion
Dlversion,Diversion
Dlverslon,Diversion
Dlvine,Divine
Dlvins,Divine
Dlvlna,Divine
Dlvlne,Divine
Dlvlns,Divine
Dmgnn,Dragon
Down,Down
Dragnn,Dragon
Dragon,Dragon
Dragonheart,Dragonheart
Draw,Draw
Dsfense,Defense
Dvaw,Draw
E0051,Boost
E3‘7"‘-‘Gs,Earplugs
EBTDILIQS,Earplugs
EBTDIUQS,Earplugs
EBTDIUQS,earplugs
EETDIUQS,Earplugs
EETDIUQS,earplugs
EafD|UQ5,earplugs
EafD||J95,Earplugs
EafD||JQ5,Earplugs
EafD||JQ5,earplugs
Eallisiics,Ballistics
Eallng,Eating
Eamuﬂs,Earplugs
EarD|u95,Earplugs
Earnings,Earplugs
Earnlugs,Earplugs
Earplugs,Earplugs
Eating,Eating
Eatlng,Eating
Eellng,Eating
Eetlng,Eating
Elasi,Blast
Elast,Blast
Elemem,Element
Element,Element
Elemervl,Element
Elesslng,Blessing
Elighl,Blight
Elight,Blight
Ellast,Blast
Ellghl,Blight
Ellght,Blight
Ellighl,Blight
Elludgeaner,Bludgeoner
Elludgeoner,Bludgeoner
Elludgeuner,Bludgeoner
Elombaldiel,Bombardier
Elotamst,Botanist
Elubbiy,Bubbly
Eludgeaner,Bludgeoner
Eludgecmer,Bludgeoner
Eludgecner,Bludgeoner
Eludgenner,Bludgeoner
Eludgeoner,Bludgeoner
Eludgsonar,Bludgeoner
Eombaidia,Bombardier
Eombaidiel,Bombardier
Eombaldia,Bombardier
Eombaldief,Bombardier
Eombaldiel,Bombardier
Eombaldiﬂ,Bombardier
Eombaldlel,Bombardier
Eombardiel,Bombardier
Eombavdiev,Bombardier
Eombavdlﬂ,bombardier
Eotamsl,Botanist
Eotanisi,Botanist
Eotanist,Botanist
Esilng,Eating
EsrD|U95,Earplugs
Eubbiy,Bubbly
Eubbly,Bubbly
Eubbry,Bubbly
Eubbty,Bubbly
Evade,Evade
Expioit,Exploit
Explalt,Exploit
Explnit,Exploit
Exploit,Exploit
Exploll,Exploit
Explolt,Exploit
Extender,Extender
Extends!,Extender
Eya,Eye
Eye,Eye
Eyo,Eye
FDMY,Fortify
FGFW,Fortify
FI3sis1ance,Resistance
FJ(p|nit,Exploit
FMS,Free
FMW,Fortify
FOMY,fortify
FORWY,Fortify
FOVW,Fortify
FaI1W,Fortify
Faak,Peak
Failh,Faith
Faim,Faith
Faith,Faith
Fallh,Faith
Falm,Faith
Fanbieaker,Partbreaker
Fanbleaker,Partbreaker
Farm)’,Fortify
Fartih’,Fortify
FartﬂY,Fortify
Farﬁ*Y,Fortify
Fcrﬁ'Y,Fortify
Fdson,Poison
Ferlormance,Performance
Ferlorrnance,Performance
Fiesismnce,Resistance
Fire,Fire
Five,Fire
FlaoaV9|’Y,Recovery
Flapid,Rapid
Flapld,Rapid
Flaznr,Razor
Flazor,Razor
FleDDV9'Y,Recovery
Fleaovery,Recovery
FlecoV9'Y,Recovery
Flecoil,Recoil
Flecovefy,Recovery
Flecovery,Recovery
Flecovevy,Recovery
Fleloa/.1,Reload
Fleload,Reload
Fleooil,Recoil
Fleoovery,Recovery
Fleoovety,Recovery
Flesentmem,Resentment
Flesisiance,Resistance
Flesisianoa,Resistance
Fleslstence,Resistance
Flesuscilaie,Resuscitate
Flesuscilale,Resuscitate
Flesuscilate,Resuscitate
Flesuscltale,Resuscitate
Flinch,Flinch
Flinnh,Flinch
Fllnch,Flinch
Flmch,Flinch
Flmnh,Flinch
Flre,Fire
Flssisiance,Resistance
Flve,Fire
Fmhsctivs,Protective
Fnmfy,Fortify
Fnwar,Power
FoI1?'Y,Fortify
FoI’W,Focus
FoI’|W,Focus
Focus,Focus
Fom"Y,Focus
Fomfy,Fortify
Fomiy,Fortify
For1i‘Y,Fortify
Foray,Foray
ForlW,Fortify
Form)’,Fortify
Form,Fortify
FortWY,Fortify
Fortifv,Fortify
Fortify,Fortify
Fortity,Fortify
Fortiﬂ,Fortify
For‘"Y,Fortify
Forﬁfy,Fortify
Forﬁy,Fortify
Forﬁﬁ’,Fortify
ForﬂY,Fortify
Forﬂfy,Fortify
Foﬁ“Y,Focus
Frae,Free
Framnger,Prolonger
Fras,Free
Free,Free
Free.,Free
Free:,Free
Frohsdlive,Protective
Froiunger,Prolonger
Frolonger,Prolonger
Frse,Free
Fslm,Faith
Furious,Furious
F|\nch,Flinch
F||nch,Flinch
Garvlng,Carving
Geologis1,Geologist
Geologist,Geologist
Geologlm,Geologist
Geologlsl,Geologist
Geologlst,Geologist
Geo|ng|s1,Geologist
Geo|ogis1,Geologist
Geo|og|s1,Geologist
Gmlcal,Critical
Gmlcel,Critical
Good,Good
Goumsrstrlka,Counterstrike
Goumsrstrlka,counterstrike
Goumsrstrlke,Counterstrike
Goumsrstvlke,Counterstrike
Gountsrstrlke,Counterstrike
Gountsrstrlks,Counterstrike
Grillcal,Critical
Grinder,Grinder
Gritlcal,Critical
Grltlcal,Critical
Gsolugis1,Geologist
Guam,Guard
Guard,Guard
HEOOVEW,Recovery
Halllila,Hellfire
Ham,Horn
Handicraft,Handicraft
Hanid,Rapid
Hapid,Rapid
Haznr,Razor
Hellfire,Hellfire
Helllire,Hellfire
Hellllre,Hellfire
Hellﬁre,Hellfire
Helﬂire,Hellfire
Heroics,Heroics
Herolcs,Heroics
Hesislance,Resistance
Hesislancs,Resistance
Hesistanoe,Resistance
Hesuscilme,Resuscitate
Hone,Hone
Horn,Horn
Hosistanca,Resistance
Hsllﬂra,Hellfire
Hsltlire,Hellfire
Hslﬂire,Hellfire
Hslﬂlre,Hellfire
Hsmics,Heroics
Hsmlcs,Heroics
Hsroics,Heroics
Hsrolcs,Heroics
Hum,Horn
Hum,horn
Hunger,Hunger
Hungsr,Hunger
I.u1:|(,Luck
I.uc|(,Luck
Ice,Ice
Item,Item
Jump,Jump
Kushala,Kushala
L930,Leap
Latent,Latent
Leap,Leap
Load,Load
Luck,Luck
Lud(,Luck
Lud<,Luck
M35191’,Master
M3851?!),Maestro
MInd‘s,Mind's
Maas1ro,Maestro
Maasvo,Maestro
Mack,Attack
Maes1r0,Maestro
Maes1ro,Maestro
Maestro,Maestro
Maestvo,Maestro
Mail,Mail
Mamet,Master
Marathon,Marathon
Mas1ar's,Master's
Mas1ar,Master
Mas1er,Master
Masler,Master
Maslet,Master
Masmr,Master
Master's,Master's
Master,Master
Master’:,Master's
Masts!,Master
Masts:,Master
Maximum,Maximum
Maxlmum,Maximum
Maxxmurn,Maximum
Meal,Meal
Might,Might
Mind's,Mind's
Mlack,Attack
Mlght,Might
Mlgm,Might
Mlsck,Attack
Momh,Morph
Morph,Morph
Morvh,Morph
Mounher,Mounter
Mounler,Mounter
Mountar,Mounter
Mounter,Mounter
Mountev,Mounter
Mounts!,Mounter
Mounts:,Mounter
Msestvo,Maestro
Muck,Muck
Mushroomancer,Mushroomancer
M|nd's,Mind's
M|nd‘s,Mind's
NarmaVFlapid,Normal/Rapid
Narmavﬂapid,Normal/Rapid
Ncwmal/Rﬂﬂid,Normal/Rapid
NormaVFlapid,Normal/Rapid
NormaVFtapid,Normal/Rapid
NormaVRapid,Normal/Rapid
Normal/FlEPid,Normal/Rapid
Normal/Flapid,Normal/Rapid
Normal/Hapid,Normal/Rapid
Normal/Ragid,Normal/Rapid
Normal/Rapid,Normal/Rapid
Normal/Rapld,Normal/Rapid
Normavﬁapid,Normal/Rapid
Normavﬁapld,Normal/Rapid
Normevﬁapld,Normal/Rapid
Novmavﬂapid,Normal/Rapid
OI,of
Offensive,Offensive
Onuntsrstrlke,Counterstrike
Ooumersmke,Counterstrike
Oritlcsl,Critical
Oulck,Quick
P10,Pro
Padbleaker,Partbreaker
Padbreaker,Partbreaker
Pallblaaker,Partbreaker
Pamiysls,Paralysis
Pamlysis,Paralysis
Pamrysls,Paralysis
Pamvysis,Paralysis
Pamysis,Paralysis
Panbleaker,Partbreaker
Panbreakar,Partbreaker
Panbreaker,Partbreaker
Panbreaksr,Partbreaker
Panbreeker,Partbreaker
Panbreeksr,Partbreaker
Panhlaaker,Partbreaker
Paraiysis,Paralysis
Paraiysls,Paralysis
Paralysis,Paralysis
Paralysls,Paralysis
Pararysis,Paralysis
Parlbreakar,Partbreaker
Parlbreaker,Partbreaker
Parlbreeker,Partbreaker
Parlbreeksr,Partbreaker
Parlormance,Performance
Partbreaker,Partbreaker
Partbreaksr,Partbreaker
Partbreeksr,Partbreaker
Partbveaker,Partbreaker
Patlbresksr,Partbreaker
Paxalysis,Paralysis
Paﬂbleaker,Partbreaker
Paﬂbreaker,Partbreaker
Paﬂbreaksr,Partbreaker
Paﬂbreeksr,Partbreaker
Peak,Peak
Pemlysls,Paralysis
Performance,Performance
Perlbreeker,Partbreaker
Perlnnnance,Performance
Perlormance,Performance
Perlorvnance,Performance
Pierce,Pierce
Placid,Rapid
Plus,Plus
Pm,Pro
Pmiongar,Prolonger
Pmlangsr,Prolonger
Pmlongar,Prolonger
Pmlonger,Prolonger
Pmmngsr,Prolonger
Pmxangsr,prolonger
Pnison,Poison
Pnwer,Power
Poison,Poison
Polish,Polish
Pollsh,Polish
Polsan,Poison
Polsnn,Poison
Polson,Poison
Powec,Power
Powei,Power
Powel,Power
Power,Power
Powev,Power
Poxson,Poison
Po|son,Poison
Praxonger,Prolonger
Pro,Pro
Proinnger,Prolonger
Prolanger,Prolonger
Prolnnger,Prolonger
Prolnngsr,Prolonger
Prolonger,Prolonger
Prolongsr,Prolonger
Protaciive,Protective
Protecilve,Protective
Protecilvs,Protective
Protective,Protective
Protemive,Protective
Proxonger,Prolonger
Prutective,Protective
Pulsar:,Poison
Punishing,Punishing
Punishlng,Punishing
Punlshing,Punishing
Punlshlng,Punishing
Pvolonger,Prolonger
Quick,Quick
Qulck,Quick
RGDOVSTY,Recovery
RGGDVBVY,Recovery
RGGDVSW,Recovery
RGODVBW,Recovery
RGOOVSTY,Recovery
RSODVSW,Recovery
RaI>0V5"Y,Recovery
Raioad,Reload
Rania,Rapid
RaoaVS"Y,Recovery
Raoid,Rapid
Raoovswy,Recovery
Raoul!,Recoil
Rapid,Rapid
Rapld,Rapid
Rasistanoe,Resistance
Raslstance,Resistance
Raslstanoe,Resistance
Rasuscilate,Resuscitate
Rasuscitals,Resuscitate
Rasuscllale,Resuscitate
Rasuscltale,Resuscitate
Rasuscltete,Resuscitate
Razor,Razor
RecaV9"Y,Recovery
Recall,Recoil
Recoil,Recoil
Recoll,Recoil
Recovery,Recovery
Redirection,Redirection
Reeov9|'Y,Recovery
Reload,Reload
ReoaV$'Y,Recovery
ReoaV9fY,Recovery
Reoavery,Recovery
Reonvsry,Recovery
ReooV9"Y,Recovery
ReooVBfY,Recovery
Reooll,Recoil
Reoov9fY,Recovery
Reoovefy,Recovery
Rerslsmncs,Resistance
Resentment,Resentment
Resis1an::e,Resistance
Resis1ance,Resistance
Resisiance,Resistance
Resislance,Resistance
Resislanoe,Resistance
Resismnce,Resistance
Resismncs,Resistance
Resismnoe,Resistance
Resistanbe,Resistance
Resistance,Resistance
Resistanoe,Resistance
Resistanue,Resistance
Resisﬂnce,Resistance
Reslatanee,Resistance
Reslshance,Resistance
Reslsiance,Resistance
Reslslance,Resistance
Reslslancs,Resistance
Reslsmnce,Resistance
Reslsmncs,Resistance
Reslsmnoe,Resistance
Reslstance,Resistance
Reslstancs,Resistance
Reslstanoe,Resistance
Resuscil:-its,Resuscitate
Resuscilale,Resuscitate
Resuscilals,Resuscitate
Resuscilate,Resuscitate
Resuscitale,Resuscitate
Resuscitata,Resuscitate
Resuscitate,Resuscitate
Resuscltale,Resuscitate
Resuscltdle,Resuscitate
Resuscnate,Resuscitate
Reswlance,Resistance
Res|slance,Resistance
Rewvary,Recovery
Rez>ov9fY,Recovery
Rite,Rite
Rsioad,Reload
Rsooverv,Recovery
Rspid,Rapid
Rssistanoe,Resistance
Rsslstance,Resistance
Rsslstancs,Resistance
Runner,Runner
S1am|na,Stamina
S1eadine$,Steadiness
S1un,Stun
S9994,Speed
SD8re,Spare
SDSIS,spare
SDara,Spare
SHIP,Sharp
SIIJQQE‘,Slugger
SIIJQQE’,Slugger
SIIJQQGT,Slugger
SIIJQQGV,Slugger
SIIJQQH,Slugger
SIIJQQM,Slugger
SIIJQQSV,Slugger
SIIJQQW,Slugger
SIUQQEV,Slugger
SIUQQE’,Slugger
SIUQQGT,Slugger
SIUQQH,Slugger
SIUQQW,Slugger
SM9997,Slugger
SN9997,Slugger
SW99",Slugger
SW99“,Slugger
SW99”,Slugger
Shalpening,Sharpening
Sharp,Sharp
Sharpening,Sharpening
Sharpenlng,Sharpening
Sharpsning,Sharpening
Shavp,Sharp
Shdmg,Sliding
Sheaih,Sheaihe
Sheaih,Sheathe
Shealh,Shealhe
Shealh,Sheathe
Sheath,Sheathe
Sheathe,Sheathe
Shel,Shot
Shells,Shells
Shesth,Sheath
Sholls,Shells
Shot,Shot
Shox,Shot
Shsaih,Sheath
Shut,Shot
Siding,Sliding
Sieadiness,Steadiness
Sieadinex,Steadiness
Siun,Stun
Slamina,Stamina
Slamlna,Stamina
Sleadines,Steadiness
Sleadiness,Steadiness
Sleadinex,Steadiness
Sleadinsss,Steadiness
Sleadinsﬁ,Steadiness
Sleadlness,Steadiness
Sleep,Sleep
Sliare,Spare
Sliding,Sliding
Slldlng,Sliding
Slsadiness,Steadiness
Slsadlnes,Steadiness
Slsadlness,Steadiness
Slsadlnss,Steadiness
Slsadlnsss,Steadiness
Slug?/6',Slugger
Slug?”,Slugger
Sluggel,Slugger
Slugger,Slugger
Slugs“,Slugger
Slun,Stun
Snead,Speed
Spare,Spare
Spasd,Speed
Spats,Spare
Special,Special
Speclal,Special
Speclsl,Special
Speed,Speed
Spesd,Speed
Spills,Spare
Spiribird's,Spiritbird's
Spiritbird's,Spiritbird's
Spiritbird’s,Spiritbird's
Spread,Spread
Spsed,Speed
Spvead,Spread
Spvesd,Spread
Stamina,Stamina
Stamlna,Stamina
Steadiness,Steadiness
Steadineﬁ,Steadiness
Steadinsss,Steadiness
Steadlness,Steadiness
Steadlnew,Steadiness
Steadlnsss,Steadiness
Stormsoul,Stormsoul
Stun,Stun
Surge,Surge
S|I.|999',Slugger
S|IJQ§3',Slugger
S|IJQ§9',Slugger
S|U999',Slugger
S|u996',Slugger
S|u999',Slugger
Teostra,Teostra
Thie4,Thief
Thief,Thief
Thiel,Thief
Thieﬂ,Thief
This!,Thief
Thled,Thief
Thlef,Thief
Thlei,Thief
Thleri,Thief
Thlerl,Thief
Thund9(,Thunder
Thunde!,Thunder
Thundef,Thunder
Thundei,Thunder
Thundel,Thunder
Thunder,Thunder
Thundev,Thunder
Thunds(,Thunder
Thundsf,Thunder
Thundsl,Thunder
Touch,Touch
TrBmo(,Tremor
Tremol,Tremor
Tremor,Tremor
Tremov,Tremor
Trsmm,Tremor
Tune-Up,Tune-Up
U0,Up
U9,Up
UD,Up
UP,Up
Un,Up
Up,Up
W318!’,Water
Waaknass,Weakness
Wale!,Water
Wall,Wall
Wall-Runner,Wall Runner
Water,Water
Weakness,Weakness
Well,Wall
Whispeier,Whisperer
Whisperer,Whisperer
Whlspeiar,Whisperer
Whlspeier,Whisperer
Whlsperer,Whisperer
Whlsperev,Whisperer
Whlspeter,Whisperer
Wide-Flange,Wide-Range
Wide-Hangs,Wide-Range
Wide-Range,Wide-Range
Wide—Range,Wide-Range
Wind,Wind
Window,Window
Windproof,Windproof
Wirabug,Wirebug
Wirebug,Wirebug
Wlda-Range,Wide-Range
Wlde-Raf|99,Wide-Range
Wlde-Range,Wide-Range
Wlde—Range,Wide-Range
Wlndow,Window
Wlndproof,Windproof
Wlrabug,Wirebug
Wlrebug,Wirebug
Wlrsbug,Wirebug
Wmer,Water
Wxde-Range,Wide-Range
angm,Blight
aplnit,Exploit
aploit,Exploit
as,of
assistance,Resistance
at,of
aubmy,Bubbly
augm,Blight
been,Leap
cl,of
cmlcal,Critical
esrwugs,Earplugs
lea,Ice
mack,Attack
may,Fortify
naoovery,Recovery
neoovew,Recovery
newvery,Recovery
nragun,Dragon
of,of
oi,of
ol,of
ov,of
sIu999',Slugger
sIu9Q9',Slugger
sIug99',slugger
sIug9°',Slugger
sharpening,Sharpening
slaep,Sleep
slugs!",Slugger
slugs",slugger
slugsef,Slugger
slugs“,Slugger
slugs“,slugger
snm,Shot
sowed,Spread
spead,Speed
speed,Speed
spesa,Speed
spesd,Speed
spew,Speed
spveed,Spread
sum,Shot
s|u999',Slugger
s|ug99",Slugger
s|ug99',Slugger
up,Up
wnispem,Whisperer
